ROC_AUC,PR_AUC,Brier,F2,Tau
0.8019935691318328,0.2744894897781364,0.12028607216715084,0.49851924975320827,0.26999999999999996
