ROC_AUC,PR_AUC,Brier,F2,Tau,Mean_Uncertainty,Median_Uncertainty,Mean_Belief_Interval_Width
0.8067952840300108,0.2611812913942971,0.15044856898912004,0.5269709543568465,0.5299999999999999,0.22254667858794044,0.07173804356099867,0.22254667858794044
