ROC_AUC,PR_AUC,Brier,F2,Tau,Mean_Uncertainty,Median_Uncertainty
0.7976971367325064,0.3016529264939544,0.1489900026089186,0.49461312438785504,0.5099999999999999,0.12512559515137092,0.13155918277893405
