ROC_AUC,PR_AUC,Brier,F2,Tau,Mean_Uncertainty,Median_Uncertainty
0.8121160618588271,0.27735549873884496,0.1816618713313847,0.4791238877481177,0.5099999999999999,0.4513091904749229,0.5125205592946525
