ROC_AUC,PR_AUC,Brier,F2,Tau,Mean_Uncertainty,Median_Uncertainty
0.7888531618435155,0.2689207425372008,0.09171612499687112,0.509090909090909,0.37999999999999995,0.17864092586495928,0.04535902047682627
