ROC_AUC,PR_AUC,Brier,F2,Tau,Mean_Uncertainty
0.8101868014086664,0.2950641856717115,0.21851774556416942,0.4964850615114236,0.61,0.46764460596405005
